<?xml version="1.0" encoding="UTF-8"?>
<GenRun Id="blk_mem_gen_img_synth_1" LaunchPart="xc7a35tcpg236-1" LaunchTime="1711365100">
  <File Type="PA-TCL" Name="blk_mem_gen_img.tcl"/>
  <File Type="REPORTS-TCL" Name="blk_mem_gen_img_reports.tcl"/>
  <File Type="RDS-RDS" Name="blk_mem_gen_img.vds"/>
  <File Type="RDS-UTIL" Name="blk_mem_gen_img_utilization_synth.rpt"/>
  <File Type="RDS-UTIL-PB" Name="blk_mem_gen_img_utilization_synth.pb"/>
  <File Type="RDS-DCP" Name="blk_mem_gen_img.dcp"/>
  <FileSet Name="sources" Type="BlockSrcs" RelSrcDir="$PSRCDIR/blk_mem_gen_img">
    <File Path="$PSRCDIR/sources_1/ip/blk_mem_gen_img/blk_mem_gen_img.xci">
      <FileInfo>
        <Attr Name="ImportPath" Val="$PPRDIR/../../../../../../../../Users/sean.ng/MODS.srcs/sources_1/ip/blk_mem_gen_img/blk_mem_gen_img.xci"/>
        <Attr Name="ImportTime" Val="1686296427"/>
        <Attr Name="UsedIn" Val="synthesis"/>
        <Attr Name="UsedIn" Val="implementation"/>
        <Attr Name="UsedIn" Val="simulation"/>
      </FileInfo>
    </File>
    <Config>
      <Option Name="TopModule" Val="blk_mem_gen_img"/>
      <Option Name="UseBlackboxStub" Val="1"/>
    </Config>
  </FileSet>
  <FileSet Name="constrs_in" Type="BlockSrcs" RelSrcDir="$PSRCDIR/blk_mem_gen_img">
    <File Path="$PSRCDIR/sources_1/ip/blk_mem_gen_img/blk_mem_gen_img.xci">
      <FileInfo>
        <Attr Name="ImportPath" Val="$PPRDIR/../../../../../../../../Users/sean.ng/MODS.srcs/sources_1/ip/blk_mem_gen_img/blk_mem_gen_img.xci"/>
        <Attr Name="ImportTime" Val="1686296427"/>
        <Attr Name="UsedIn" Val="synthesis"/>
        <Attr Name="UsedIn" Val="implementation"/>
        <Attr Name="UsedIn" Val="simulation"/>
      </FileInfo>
    </File>
    <Config>
      <Option Name="TopModule" Val="blk_mem_gen_img"/>
      <Option Name="UseBlackboxStub" Val="1"/>
    </Config>
  </FileSet>
  <Strategy Version="1" Minor="2">
    <StratHandle Name="Vivado Synthesis Defaults" Flow="Vivado Synthesis 2018"/>
    <Step Id="synth_design"/>
  </Strategy>
</GenRun>
